{
  "faq/taste_description": {
    "precision": 1.0,
    "recall": 1.0,
    "f1-score": 1.0,
    "support": 5,
    "confused_with": {}
  },
  "faq/spice_level": {
    "precision": 1.0,
    "recall": 1.0,
    "f1-score": 1.0,
    "support": 5,
    "confused_with": {}
  },
  "chitchat/ask_name": {
    "precision": 0.8,
    "recall": 1.0,
    "f1-score": 0.888888888888889,
    "support": 4,
    "confused_with": {}
  },
  "chitchat/ask_weather": {
    "precision": 1.0,
    "recall": 0.75,
    "f1-score": 0.8571428571428571,
    "support": 4,
    "confused_with": {
      "chitchat/ask_name": 1
    }
  },
  "accuracy": 0.9444444444444444,
  "macro avg": {
    "precision": 0.95,
    "recall": 0.9375,
    "f1-score": 0.9365079365079365,
    "support": 18
  },
  "weighted avg": {
    "precision": 0.9555555555555555,
    "recall": 0.9444444444444444,
    "f1-score": 0.9435626102292769,
    "support": 18
  },
  "micro avg": {
    "precision": 0.9444444444444444,
    "recall": 0.9444444444444444,
    "f1-score": 0.9444444444444444,
    "support": 18
  }
}